Edad,Ingresos,Historial Crediticio,Deuda Total,Historial de Pagos,Target
24,84664,Bueno,10207,Excelente,1
58,78936,Bueno,25439,Bueno,0
52,64665,Bueno,2023,Malo,0
41,90912,Bueno,13945,Regular,0
41,30261,Regular,24227,Excelente,0
62,93684,Bueno,28636,Excelente,0
24,88018,Malo,8291,Malo,0
54,60290,Bueno,19873,Malo,0
30,78671,Regular,6500,Bueno,0
24,61622,Bueno,4361,Bueno,1
46,41501,Regular,11237,Bueno,0
68,83989,Regular,26667,Bueno,0
56,39673,Bueno,20994,Excelente,0
58,45156,Malo,15188,Excelente,0
55,61543,Bueno,9201,Excelente,1
59,86990,Bueno,5107,Regular,0
45,50714,Regular,8852,Excelente,0
26,59531,Malo,5428,Excelente,0
61,23333,Bueno,6425,Bueno,0
42,29268,Bueno,20938,Excelente,0
45,24475,Malo,4848,Excelente,0
38,25764,Regular,2373,Bueno,0
29,89481,Malo,16727,Bueno,0
66,87359,Regular,9311,Bueno,0
59,85750,Regular,14187,Malo,0
52,24445,Bueno,5053,Excelente,0
40,26211,Malo,7089,Malo,0
61,42448,Bueno,13791,Malo,0
47,65223,Regular,21010,Regular,0
42,46730,Bueno,13016,Bueno,1
42,59004,Regular,16709,Bueno,0
31,33839,Regular,16134,Bueno,0
24,78462,Regular,8796,Bueno,0
47,45111,Malo,9109,Excelente,0
64,25323,Bueno,13345,Malo,0
23,79415,Regular,1929,Bueno,0
62,92223,Bueno,20876,Regular,0
61,21174,Bueno,18817,Bueno,0
33,54933,Bueno,9877,Excelente,1
51,86173,Bueno,11837,Bueno,1
28,76493,Bueno,10532,Bueno,1
57,88523,Regular,19888,Bueno,0
55,53216,Regular,23031,Bueno,0
37,49780,Regular,4151,Excelente,0
23,76734,Bueno,12986,Bueno,1
68,32289,Bueno,1399,Bueno,0
42,39153,Bueno,14115,Malo,0
64,68067,Regular,8200,Excelente,0
53,73476,Malo,10738,Bueno,0
58,29573,Bueno,14239,Excelente,0
57,60664,Regular,10387,Bueno,0
29,49193,Bueno,12428,Bueno,1
38,60139,Bueno,23178,Bueno,0
43,96674,Bueno,24498,Malo,0
44,26128,Bueno,1170,Excelente,0
22,99637,Regular,11957,Bueno,0
47,55966,Malo,25559,Excelente,0
27,81768,Bueno,16382,Excelente,0
57,53957,Regular,6953,Bueno,0
54,44876,Regular,18211,Excelente,0
66,81647,Malo,5202,Bueno,0
57,75013,Regular,1633,Bueno,0
38,31524,Bueno,19340,Regular,0
68,76432,Regular,15938,Bueno,0
40,80246,Bueno,22938,Bueno,0
36,51027,Malo,11000,Bueno,0
65,94051,Bueno,25774,Excelente,0
38,71271,Regular,13217,Excelente,0
23,46690,Bueno,22402,Bueno,0
43,20858,Bueno,3908,Malo,0
59,73996,Malo,3817,Excelente,0
29,36724,Regular,23701,Bueno,0
43,80522,Bueno,25185,Regular,0
26,62007,Malo,28329,Regular,0
54,57338,Malo,10414,Bueno,0
43,33100,Bueno,1645,Bueno,0
36,76920,Regular,29417,Bueno,0
31,33272,Bueno,18439,Regular,0
48,53420,Regular,8166,Excelente,0
53,86904,Bueno,23151,Malo,0
67,93629,Bueno,27212,Excelente,0
41,99130,Malo,9259,Regular,0
28,96640,Malo,23320,Excelente,0
61,64477,Malo,23839,Excelente,0
51,36038,Malo,15548,Excelente,0
55,87125,Regular,19338,Bueno,0
24,84130,Regular,8816,Bueno,0
35,99225,Regular,27945,Excelente,0
58,72075,Bueno,29510,Bueno,0
61,31327,Bueno,29449,Bueno,0
41,60232,Bueno,22376,Regular,0
60,55859,Regular,2228,Regular,0
62,87435,Bueno,11627,Bueno,1
39,51405,Bueno,13903,Excelente,1
64,46287,Regular,28835,Excelente,0
34,26403,Bueno,16862,Malo,0
31,86836,Bueno,16548,Excelente,0
54,80426,Malo,5255,Bueno,0
51,23298,Malo,24017,Malo,0
26,54702,Bueno,10752,Malo,0
61,58377,Bueno,3664,Bueno,1
29,57546,Bueno,29641,Bueno,0
60,93514,Regular,6512,Bueno,0
20,32053,Malo,1470,Regular,0
59,44507,Bueno,3257,Excelente,1
59,34474,Regular,14122,Excelente,0
59,39526,Bueno,3984,Bueno,0
53,92568,Bueno,25436,Excelente,0
43,95257,Malo,15860,Bueno,0
55,23571,Bueno,10393,Bueno,0
33,70567,Bueno,1091,Regular,0
59,38628,Bueno,14914,Regular,0
47,35404,Regular,5387,Bueno,0
42,43364,Malo,29363,Regular,0
45,35550,Malo,9441,Excelente,0
48,59215,Bueno,14771,Bueno,1
21,99648,Bueno,1540,Excelente,1
26,66915,Regular,4796,Regular,0
32,77859,Bueno,7017,Regular,0
25,59463,Malo,2499,Malo,0
41,21112,Regular,22053,Regular,0
53,26729,Bueno,28417,Malo,0
52,41509,Malo,29575,Excelente,0
43,39493,Bueno,8708,Malo,0
62,87246,Bueno,23873,Bueno,0
48,87487,Regular,15617,Bueno,0
23,88329,Regular,2329,Bueno,0
58,71007,Regular,3630,Bueno,0
48,64493,Regular,16885,Excelente,0
51,71931,Malo,13285,Excelente,0
48,52544,Malo,1243,Excelente,0
47,73616,Regular,27973,Bueno,0
24,83555,Bueno,22179,Regular,0
47,81032,Regular,15569,Bueno,0
59,69106,Malo,29622,Bueno,0
35,24648,Bueno,29162,Bueno,0
50,77995,Bueno,29244,Bueno,0
21,49328,Bueno,8506,Excelente,1
37,79493,Bueno,26545,Regular,0
41,63162,Regular,15631,Excelente,0
69,90494,Bueno,22055,Regular,0
30,47076,Regular,25926,Regular,0
33,94511,Malo,5736,Bueno,0
40,87558,Malo,13999,Regular,0
69,46488,Bueno,4738,Excelente,1
62,58605,Bueno,9105,Regular,0
21,62507,Regular,12991,Regular,0
31,81490,Malo,25808,Regular,0
61,75132,Bueno,26017,Bueno,0
22,88161,Malo,12306,Regular,0
62,49589,Bueno,10546,Malo,0
34,60383,Malo,16390,Bueno,0
65,54469,Bueno,27444,Regular,0
34,92764,Bueno,29319,Regular,0
41,44398,Regular,7576,Bueno,0
53,66969,Bueno,6408,Malo,0
26,29613,Bueno,21496,Bueno,0
47,88021,Bueno,9740,Bueno,1
45,50737,Bueno,6793,Excelente,1
59,47247,Regular,1901,Excelente,0
69,66633,Bueno,12693,Regular,0
53,59905,Regular,12363,Bueno,0
40,87838,Malo,17328,Bueno,0
40,62512,Bueno,6805,Excelente,1
40,61359,Bueno,21716,Bueno,0
60,28398,Malo,20721,Regular,0
36,21755,Malo,14408,Regular,0
28,51884,Regular,6258,Excelente,0
36,99856,Malo,15701,Bueno,0
21,93387,Bueno,20569,Bueno,0
25,70318,Bueno,11808,Bueno,1
24,70466,Regular,8640,Bueno,0
58,51320,Bueno,15688,Bueno,0
56,34200,Regular,11301,Bueno,0
54,20683,Regular,12614,Bueno,0
43,47108,Regular,11116,Bueno,0
55,45317,Bueno,9800,Bueno,1
28,35328,Bueno,21785,Regular,0
65,40733,Bueno,14347,Regular,0
45,21985,Bueno,14528,Bueno,0
66,68636,Regular,19939,Regular,0
27,94196,Bueno,11477,Regular,0
44,75263,Bueno,3929,Excelente,1
54,55856,Bueno,25726,Bueno,0
44,53621,Bueno,2615,Excelente,1
42,44602,Malo,17586,Regular,0
28,31392,Bueno,8708,Excelente,0
39,67878,Malo,7201,Bueno,0
31,65321,Bueno,2216,Excelente,1
35,20585,Regular,27102,Bueno,0
54,53241,Bueno,13446,Malo,0
51,42241,Bueno,10936,Bueno,1
50,33622,Malo,22495,Regular,0
38,76242,Malo,2130,Malo,0
67,62066,Malo,17371,Regular,0
24,70701,Bueno,15343,Excelente,0
37,77078,Bueno,17049,Regular,0
25,98544,Regular,4594,Excelente,0
36,84221,Bueno,28623,Bueno,0
68,69628,Regular,7915,Regular,0
38,90321,Regular,20675,Bueno,0
65,58200,Regular,22666,Bueno,0
44,98781,Malo,10975,Bueno,0
54,80914,Regular,4791,Regular,0
42,72070,Bueno,9603,Regular,0
33,92266,Bueno,24401,Bueno,0
58,61206,Regular,27288,Regular,0
68,77655,Bueno,28170,Excelente,0
33,42778,Bueno,7563,Excelente,1
58,97056,Bueno,18589,Bueno,0
33,69869,Regular,5380,Malo,0
55,82560,Malo,21600,Excelente,0
59,56859,Regular,13060,Excelente,0
42,89344,Bueno,21694,Excelente,0
56,25934,Bueno,20868,Regular,0
33,29128,Regular,29791,Excelente,0
23,60569,Bueno,15170,Bueno,0
24,78593,Regular,10904,Malo,0
42,84737,Regular,16275,Excelente,0
65,55207,Bueno,5722,Bueno,1
26,71973,Bueno,4241,Bueno,1
42,64248,Bueno,16055,Regular,0
55,96921,Malo,24936,Bueno,0
30,72328,Regular,16464,Bueno,0
56,53347,Bueno,23675,Excelente,0
35,97585,Malo,6159,Regular,0
60,28580,Bueno,14032,Regular,0
48,98766,Bueno,18780,Excelente,0
47,32321,Malo,11082,Bueno,0
28,43058,Bueno,1409,Regular,0
43,85717,Bueno,3129,Excelente,1
62,78700,Regular,27902,Excelente,0
20,97628,Bueno,18548,Bueno,0
57,79998,Regular,8672,Bueno,0
44,70960,Bueno,8505,Excelente,1
55,47719,Bueno,2147,Bueno,1
53,20377,Bueno,28398,Excelente,0
41,29909,Bueno,4139,Bueno,0
35,43822,Bueno,23024,Regular,0
51,23275,Bueno,7967,Bueno,0
27,60654,Malo,10733,Excelente,0
49,82187,Bueno,8943,Regular,0
24,97060,Bueno,24911,Excelente,0
52,59175,Bueno,1951,Regular,0
51,90000,Bueno,11216,Bueno,1
24,98843,Bueno,9101,Regular,0
57,88786,Regular,8915,Excelente,0
40,57197,Bueno,6595,Excelente,1
59,46020,Malo,27460,Bueno,0
22,98233,Malo,11980,Excelente,0
28,39352,Bueno,13127,Excelente,0
44,52926,Bueno,12169,Regular,0
29,25922,Bueno,29426,Regular,0
36,83494,Regular,10831,Excelente,0
53,71986,Bueno,10908,Regular,0
27,26785,Malo,10509,Regular,0
53,37754,Regular,10482,Regular,0
25,64436,Malo,3602,Bueno,0
28,63232,Regular,18523,Bueno,0
49,84164,Malo,1730,Bueno,0
59,41287,Bueno,7552,Bueno,1
28,93976,Bueno,6861,Malo,0
34,55557,Bueno,9453,Excelente,1
66,85806,Malo,22942,Bueno,0
69,39070,Regular,18385,Excelente,0
49,22957,Malo,29733,Malo,0
42,24404,Bueno,11184,Bueno,0
37,49816,Malo,27927,Bueno,0
50,96252,Bueno,2302,Regular,0
49,23895,Bueno,15622,Malo,0
34,49518,Malo,24166,Excelente,0
21,28742,Bueno,16422,Regular,0
27,94525,Bueno,28065,Regular,0
67,74024,Regular,10122,Excelente,0
40,81015,Bueno,1966,Regular,0
44,77060,Bueno,23444,Bueno,0
43,72562,Bueno,2972,Bueno,1
59,81897,Bueno,23177,Bueno,0
23,20649,Malo,22269,Excelente,0
24,89236,Regular,25483,Excelente,0
33,79189,Bueno,14888,Excelente,1
44,79154,Bueno,26969,Excelente,0
53,51474,Bueno,5925,Bueno,1
44,84069,Regular,13596,Bueno,0
42,50545,Malo,4533,Excelente,0
66,23917,Malo,23239,Bueno,0
28,92625,Bueno,21713,Bueno,0
48,38762,Bueno,24385,Bueno,0
47,28152,Bueno,23165,Malo,0
43,69751,Regular,9945,Bueno,0
60,38692,Bueno,2973,Regular,0
33,88650,Regular,27948,Excelente,0
67,55500,Regular,15291,Regular,0
36,20360,Bueno,3735,Malo,0
47,96137,Bueno,27884,Regular,0
46,61170,Bueno,29833,Bueno,0
62,41038,Bueno,13919,Bueno,1
41,74182,Bueno,23332,Bueno,0
34,62448,Regular,2052,Bueno,0
21,22368,Bueno,3704,Regular,0
38,80771,Bueno,9020,Malo,0
61,52108,Regular,20030,Bueno,0
20,75985,Regular,4869,Excelente,0
64,91650,Bueno,1991,Bueno,1
47,68849,Malo,20394,Excelente,0
27,73729,Malo,23335,Excelente,0
35,40372,Regular,22437,Bueno,0
47,39012,Regular,24177,Regular,0
35,53200,Bueno,24282,Excelente,0
25,88222,Malo,18469,Excelente,0
53,61935,Bueno,16062,Excelente,0
53,47842,Malo,25848,Regular,0
25,82368,Regular,11092,Bueno,0
34,88267,Bueno,3838,Excelente,1
32,92202,Bueno,22806,Excelente,0
52,43915,Regular,9001,Bueno,0
56,76771,Regular,29386,Excelente,0
56,67225,Bueno,13011,Bueno,1
66,55917,Regular,25701,Bueno,0
58,51755,Malo,2231,Malo,0
36,29164,Bueno,20117,Excelente,0
25,41986,Bueno,13998,Bueno,1
50,63973,Bueno,14415,Excelente,1
65,90924,Regular,8691,Malo,0
68,89307,Bueno,29164,Malo,0
31,35007,Malo,12389,Regular,0
31,74345,Bueno,25663,Bueno,0
21,26784,Regular,13327,Excelente,0
27,74001,Bueno,2400,Regular,0
47,47354,Bueno,26502,Regular,0
47,55987,Regular,6368,Excelente,0
38,77411,Bueno,8839,Bueno,1
35,53991,Regular,25972,Bueno,0
61,84594,Malo,26918,Regular,0
43,62686,Malo,27585,Bueno,0
60,99899,Malo,13353,Bueno,0
68,71059,Bueno,22952,Bueno,0
35,43708,Regular,10506,Excelente,0
30,82022,Malo,22471,Bueno,0
67,52635,Bueno,15572,Excelente,0
51,62733,Bueno,2506,Regular,0
34,30945,Malo,13114,Bueno,0
51,29547,Bueno,14564,Bueno,0
45,65989,Regular,8463,Excelente,0
65,34935,Malo,11859,Excelente,0
32,99806,Regular,15577,Bueno,0
69,88453,Bueno,2441,Excelente,1
66,76070,Bueno,5402,Excelente,1
29,78775,Bueno,23236,Regular,0
28,67617,Bueno,11205,Bueno,1
46,24823,Regular,18643,Bueno,0
22,51389,Malo,17407,Bueno,0
34,59664,Bueno,16985,Regular,0
41,93223,Bueno,12988,Bueno,1
68,37559,Malo,15016,Regular,0
69,59753,Bueno,24893,Malo,0
27,47525,Regular,28986,Bueno,0
64,30749,Bueno,8444,Bueno,0
24,28241,Regular,20414,Regular,0
57,49230,Bueno,29123,Bueno,0
62,26593,Regular,1219,Bueno,0
64,25373,Bueno,23756,Bueno,0
31,48069,Regular,15407,Bueno,0
64,36158,Bueno,29060,Excelente,0
25,64384,Bueno,17769,Bueno,0
45,21413,Regular,25305,Excelente,0
43,44145,Bueno,5814,Bueno,1
35,56262,Bueno,5121,Bueno,1
21,97051,Bueno,27870,Malo,0
58,70763,Bueno,16267,Excelente,0
36,90457,Bueno,17191,Bueno,0
53,47463,Malo,5929,Bueno,0
40,55976,Bueno,7575,Excelente,1
38,53630,Malo,24728,Excelente,0
64,90991,Malo,9796,Excelente,0
24,96736,Bueno,17940,Excelente,0
56,96986,Regular,10179,Excelente,0
57,80157,Malo,8640,Bueno,0
38,60248,Regular,5814,Bueno,0
33,63268,Bueno,27958,Excelente,0
20,98440,Bueno,28261,Excelente,0
66,42763,Bueno,4340,Excelente,1
67,47736,Regular,11244,Bueno,0
32,91759,Malo,17352,Bueno,0
21,50905,Malo,12115,Bueno,0
26,38807,Bueno,21910,Excelente,0
23,64837,Regular,8546,Excelente,0
61,46027,Bueno,2706,Malo,0
64,91269,Malo,10771,Excelente,0
27,92725,Bueno,18337,Excelente,0
57,44480,Malo,6238,Excelente,0
28,62363,Malo,24661,Malo,0
38,98719,Bueno,1355,Bueno,1
49,79385,Bueno,2958,Bueno,1
55,37250,Malo,15756,Malo,0
63,67259,Bueno,15855,Excelente,0
22,69591,Regular,9551,Malo,0
29,72275,Malo,8498,Excelente,0
34,22000,Regular,3024,Bueno,0
35,43950,Bueno,20224,Bueno,0
69,88369,Bueno,11991,Bueno,1
58,39309,Bueno,4441,Malo,0
36,43975,Malo,12595,Excelente,0
68,45799,Bueno,28174,Malo,0
44,34191,Bueno,8575,Bueno,0
45,32435,Bueno,26947,Bueno,0
41,47761,Malo,8503,Malo,0
27,89945,Bueno,6393,Excelente,1
66,20122,Malo,8558,Malo,0
20,42659,Regular,10374,Bueno,0
28,24850,Malo,4497,Regular,0
31,64919,Malo,18041,Excelente,0
33,40048,Malo,10670,Bueno,0
26,83357,Malo,21823,Bueno,0
20,66801,Bueno,15238,Bueno,0
53,82705,Regular,13837,Excelente,0
68,70792,Regular,14658,Excelente,0
26,55070,Regular,5532,Regular,0
34,88877,Malo,21673,Excelente,0
45,58100,Malo,4020,Regular,0
66,95994,Regular,21924,Malo,0
54,99576,Bueno,29993,Excelente,0
58,67121,Bueno,23155,Excelente,0
49,73967,Bueno,14205,Bueno,1
40,40453,Bueno,10119,Excelente,1
29,85171,Bueno,26303,Bueno,0
63,73727,Bueno,8458,Bueno,1
60,92204,Bueno,14988,Bueno,1
21,41360,Regular,23355,Bueno,0
55,83007,Bueno,27748,Bueno,0
24,57622,Malo,27707,Bueno,0
56,34814,Regular,3545,Excelente,0
61,33695,Bueno,27049,Bueno,0
26,64973,Bueno,4306,Regular,0
41,45555,Bueno,17949,Bueno,0
26,28151,Malo,27959,Bueno,0
48,54171,Bueno,19989,Bueno,0
66,72233,Regular,28477,Excelente,0
24,45515,Malo,10985,Excelente,0
39,96427,Malo,10126,Excelente,0
68,82363,Bueno,10460,Malo,0
35,61018,Bueno,11299,Excelente,1
26,94772,Bueno,20801,Regular,0
44,54637,Bueno,14121,Excelente,1
45,31173,Bueno,22385,Excelente,0
53,22867,Regular,13068,Bueno,0
35,95041,Malo,9924,Bueno,0
67,96781,Regular,6511,Regular,0
46,79140,Regular,16980,Malo,0
34,28240,Bueno,27052,Regular,0
68,43492,Malo,25910,Excelente,0
66,23286,Regular,8345,Regular,0
44,24099,Malo,14851,Excelente,0
21,39685,Malo,21452,Malo,0
49,65771,Bueno,18760,Bueno,0
47,25242,Bueno,2947,Bueno,0
27,98768,Bueno,18140,Excelente,0
51,56409,Bueno,2123,Excelente,1
62,41107,Malo,4378,Excelente,0
25,61287,Bueno,19958,Malo,0
56,83212,Regular,3973,Regular,0
27,45005,Regular,10831,Malo,0
57,23801,Bueno,18064,Excelente,0
40,24076,Bueno,20008,Bueno,0
20,88158,Regular,13926,Excelente,0
68,28928,Regular,3726,Bueno,0
28,70845,Bueno,24174,Bueno,0
49,50760,Bueno,28545,Excelente,0
29,82201,Regular,26772,Bueno,0
66,24842,Bueno,22706,Excelente,0
56,91823,Malo,12664,Bueno,0
60,75855,Bueno,26411,Bueno,0
41,55942,Bueno,15157,Excelente,0
43,36561,Bueno,4957,Malo,0
51,98171,Regular,25665,Bueno,0
59,44165,Regular,10284,Regular,0
62,59240,Bueno,28222,Bueno,0
20,51530,Malo,11681,Regular,0
53,38444,Bueno,26212,Regular,0
25,53328,Bueno,16578,Regular,0
34,32118,Bueno,14554,Bueno,0
61,20132,Bueno,9609,Excelente,0
32,43199,Regular,25235,Excelente,0
59,28965,Bueno,2758,Bueno,0
43,53182,Regular,14597,Excelente,0
31,89021,Bueno,11697,Excelente,1
36,33005,Malo,16758,Excelente,0
46,20098,Bueno,8381,Bueno,0
58,28887,Malo,20273,Excelente,0
50,60653,Bueno,12191,Bueno,1
66,41987,Bueno,6455,Regular,0
63,59160,Malo,6711,Regular,0
57,22339,Regular,21198,Bueno,0
50,46647,Regular,8594,Bueno,0
34,52810,Bueno,9910,Bueno,1
40,54506,Regular,19181,Bueno,0
25,64092,Malo,10563,Bueno,0
38,82446,Regular,12256,Excelente,0
66,57378,Bueno,8089,Malo,0
41,87296,Regular,11016,Excelente,0
25,62378,Regular,21090,Regular,0
52,40827,Malo,16483,Bueno,0
68,38321,Bueno,29928,Excelente,0
63,45799,Bueno,23383,Regular,0
33,67797,Malo,1488,Excelente,0
42,39398,Regular,11987,Regular,0
46,93133,Regular,9405,Bueno,0
32,58389,Bueno,18038,Excelente,0
33,89061,Bueno,8704,Excelente,1
31,74660,Regular,29019,Regular,0
69,46668,Bueno,9681,Excelente,1
57,38260,Bueno,16137,Regular,0
62,79515,Regular,4564,Regular,0
60,46458,Regular,27384,Bueno,0
67,39749,Malo,27443,Excelente,0
25,94430,Bueno,24016,Regular,0
64,58610,Bueno,11197,Malo,0
23,23885,Malo,2702,Excelente,0
43,59581,Bueno,21618,Bueno,0
49,56861,Bueno,13443,Excelente,1
37,89117,Bueno,29720,Bueno,0
27,76924,Regular,21251,Regular,0
29,35308,Malo,16620,Bueno,0
61,32036,Regular,29614,Bueno,0
35,68287,Regular,24213,Bueno,0
35,23789,Bueno,14292,Excelente,0
66,45521,Bueno,1546,Excelente,1
27,31056,Bueno,3690,Regular,0
65,21644,Bueno,13867,Bueno,0
66,93505,Bueno,17298,Bueno,0
49,27185,Bueno,1874,Regular,0
28,20740,Bueno,4670,Excelente,0
27,94631,Regular,21424,Excelente,0
34,35065,Regular,22794,Excelente,0
48,85324,Bueno,1864,Malo,0
27,22502,Bueno,15722,Regular,0
42,32284,Regular,3348,Bueno,0
25,28850,Regular,21979,Excelente,0
47,76501,Malo,25188,Excelente,0
21,69611,Bueno,26211,Bueno,0
55,58040,Malo,18347,Bueno,0
22,39331,Bueno,19239,Malo,0
29,27108,Bueno,27871,Regular,0
28,65536,Bueno,18760,Bueno,0
61,38457,Bueno,13941,Regular,0
22,67215,Bueno,22882,Malo,0
41,74997,Bueno,18134,Bueno,0
49,87954,Regular,25431,Bueno,0
45,59518,Bueno,16216,Malo,0
54,20379,Bueno,26202,Excelente,0
60,42453,Bueno,2301,Regular,0
39,88269,Bueno,2056,Excelente,1
61,62660,Bueno,3872,Bueno,1
35,69529,Bueno,17129,Regular,0
69,56625,Bueno,21560,Bueno,0
45,33019,Regular,7271,Bueno,0
56,91736,Malo,5516,Bueno,0
63,81834,Bueno,25950,Excelente,0
59,99614,Regular,22765,Excelente,0
62,88439,Malo,19803,Excelente,0
46,43290,Malo,15162,Bueno,0
22,40341,Regular,13186,Bueno,0
44,39877,Malo,1595,Excelente,0
29,93503,Malo,6455,Regular,0
64,64554,Regular,27012,Bueno,0
31,56356,Bueno,10831,Bueno,1
31,97460,Bueno,21431,Bueno,0
32,68273,Bueno,21409,Excelente,0
52,92754,Bueno,9973,Regular,0
48,98771,Bueno,6926,Bueno,1
67,26355,Bueno,21058,Excelente,0
40,48922,Regular,3713,Malo,0
34,78731,Regular,15349,Regular,0
22,85052,Malo,26752,Regular,0
20,31878,Bueno,21628,Regular,0
38,45471,Bueno,23162,Malo,0
66,63853,Regular,3414,Bueno,0
46,83937,Malo,6794,Bueno,0
64,29037,Malo,8977,Bueno,0
25,68058,Malo,9477,Excelente,0
24,43715,Malo,6628,Excelente,0
61,37308,Bueno,29190,Excelente,0
25,61231,Bueno,5783,Bueno,1
22,53122,Bueno,21537,Regular,0
40,70856,Regular,18015,Regular,0
66,45410,Malo,18705,Bueno,0
54,85862,Bueno,7224,Excelente,1
24,26248,Regular,9921,Bueno,0
61,88950,Bueno,18588,Bueno,0
62,22386,Bueno,9674,Malo,0
60,78871,Bueno,21129,Regular,0
65,47718,Bueno,2146,Malo,0
31,50666,Malo,3111,Regular,0
68,21522,Bueno,22125,Malo,0
36,76168,Malo,18886,Bueno,0
60,33239,Regular,2252,Excelente,0
48,72732,Bueno,27072,Excelente,0
58,78014,Bueno,1140,Bueno,1
51,87619,Malo,28711,Excelente,0
52,76647,Bueno,22155,Excelente,0
50,44120,Malo,29656,Malo,0
58,79086,Bueno,28517,Excelente,0
56,86076,Regular,10080,Malo,0
26,45372,Malo,22938,Regular,0
61,29934,Bueno,7116,Bueno,0
46,91201,Bueno,14677,Bueno,1
36,31835,Malo,7963,Bueno,0
45,67506,Bueno,15095,Bueno,0
68,38902,Bueno,26297,Excelente,0
62,30082,Bueno,13647,Malo,0
61,82113,Bueno,3679,Bueno,1
43,31497,Regular,10414,Excelente,0
59,73618,Regular,23809,Regular,0
39,75447,Bueno,16129,Bueno,0
54,24818,Malo,17245,Bueno,0
51,33835,Bueno,13503,Bueno,0
32,83549,Bueno,9490,Excelente,1
33,60583,Regular,18346,Bueno,0
23,29708,Malo,19359,Excelente,0
26,99341,Bueno,27045,Excelente,0
41,41199,Bueno,18915,Excelente,0
43,20320,Regular,29855,Bueno,0
28,93933,Malo,24970,Bueno,0
40,21326,Bueno,3283,Bueno,0
50,64268,Bueno,12372,Excelente,1
31,99446,Regular,12155,Excelente,0
36,66224,Bueno,1087,Bueno,1
38,66771,Bueno,6240,Excelente,1
45,51053,Bueno,23103,Bueno,0
38,30152,Bueno,11211,Malo,0
56,65815,Bueno,5288,Bueno,1
36,91784,Malo,9336,Malo,0
41,27288,Regular,8966,Excelente,0
38,90430,Regular,6061,Excelente,0
29,53203,Malo,3934,Regular,0
54,62896,Bueno,23158,Regular,0
31,33232,Bueno,24911,Regular,0
34,69743,Malo,15392,Excelente,0
59,34588,Bueno,18848,Regular,0
67,41854,Regular,27658,Bueno,0
53,77728,Regular,25437,Bueno,0
65,24041,Bueno,1945,Excelente,0
62,55774,Bueno,28635,Malo,0
44,67565,Bueno,2942,Excelente,1
58,30562,Bueno,1770,Regular,0
36,43580,Bueno,12694,Bueno,1
43,47480,Bueno,22629,Regular,0
46,73089,Regular,3328,Regular,0
68,98136,Malo,9496,Regular,0
62,86899,Malo,8619,Excelente,0
44,35181,Bueno,12524,Excelente,0
52,21452,Bueno,29594,Bueno,0
30,24152,Bueno,10611,Bueno,0
60,67657,Bueno,7059,Excelente,1
47,32500,Malo,4547,Excelente,0
46,38502,Bueno,6745,Bueno,0
58,87791,Bueno,4861,Excelente,1
51,89911,Malo,17635,Excelente,0
23,87122,Bueno,13194,Malo,0
34,40293,Bueno,15441,Bueno,0
28,69574,Bueno,25132,Malo,0
56,68861,Regular,17832,Malo,0
21,34819,Regular,5499,Excelente,0
30,64283,Bueno,11925,Regular,0
49,62020,Malo,10064,Bueno,0
54,51693,Malo,24976,Bueno,0
45,80133,Malo,9903,Excelente,0
63,74209,Bueno,5018,Excelente,1
65,62612,Bueno,22344,Excelente,0
26,78061,Malo,13423,Bueno,0
67,81048,Bueno,3780,Malo,0
50,65355,Regular,21003,Bueno,0
51,41413,Regular,7104,Regular,0
24,80673,Bueno,26178,Malo,0
51,77409,Regular,25141,Bueno,0
56,98673,Malo,11717,Excelente,0
49,31982,Regular,17112,Regular,0
24,53541,Bueno,17464,Bueno,0
46,93938,Malo,19949,Excelente,0
66,61166,Regular,3005,Bueno,0
56,95409,Regular,10420,Malo,0
26,20997,Malo,5939,Excelente,0
67,22813,Regular,21227,Bueno,0
67,83682,Bueno,3005,Excelente,1
28,48674,Bueno,15991,Excelente,0
60,61618,Bueno,22108,Excelente,0
40,54240,Regular,28502,Regular,0
49,52636,Regular,9353,Regular,0
42,95157,Regular,1231,Excelente,0
59,27525,Bueno,21988,Excelente,0
69,81777,Regular,1044,Excelente,0
59,91172,Malo,2925,Excelente,0
66,72592,Bueno,29724,Bueno,0
67,51600,Regular,26013,Bueno,0
24,32801,Regular,21518,Bueno,0
32,74606,Regular,25230,Bueno,0
56,57503,Bueno,3185,Bueno,1
49,31949,Regular,3578,Excelente,0
22,48772,Malo,9724,Excelente,0
24,96923,Regular,1688,Malo,0
46,41230,Malo,26761,Regular,0
50,34275,Malo,2632,Malo,0
28,74558,Bueno,16777,Malo,0
28,35963,Regular,25755,Bueno,0
26,93592,Bueno,22314,Malo,0
48,88718,Malo,7806,Bueno,0
20,98682,Bueno,14639,Excelente,1
48,93006,Bueno,16899,Excelente,0
43,39501,Malo,23269,Excelente,0
43,36971,Bueno,13361,Excelente,0
53,47411,Regular,9266,Bueno,0
46,57584,Bueno,24070,Regular,0
56,90399,Malo,26707,Regular,0
58,78679,Malo,15178,Bueno,0
66,71554,Bueno,1812,Excelente,1
59,90269,Regular,15519,Regular,0
45,71670,Bueno,26789,Bueno,0
44,50324,Regular,29683,Excelente,0
31,53040,Regular,12630,Excelente,0
49,61361,Malo,5353,Bueno,0
26,27101,Bueno,17592,Excelente,0
66,79337,Bueno,25090,Regular,0
62,72222,Regular,28405,Regular,0
25,78490,Regular,2500,Bueno,0
59,62715,Bueno,9425,Excelente,1
25,82636,Bueno,14851,Regular,0
56,95980,Bueno,3849,Bueno,1
24,65594,Malo,26703,Excelente,0
44,55550,Bueno,4252,Bueno,1
52,28369,Bueno,20291,Bueno,0
56,82294,Malo,27640,Bueno,0
40,92317,Bueno,20871,Excelente,0
66,75959,Regular,23132,Bueno,0
58,89245,Bueno,8636,Excelente,1
30,88895,Malo,24996,Excelente,0
53,83847,Regular,13138,Excelente,0
56,60230,Malo,2778,Malo,0
36,27988,Bueno,11630,Excelente,0
56,20259,Regular,11145,Bueno,0
64,36351,Regular,16121,Bueno,0
60,54481,Bueno,8679,Regular,0
58,79488,Bueno,14404,Bueno,1
51,56464,Bueno,13411,Malo,0
33,21851,Malo,10480,Excelente,0
59,36827,Regular,21190,Excelente,0
38,98337,Regular,9858,Bueno,0
46,99041,Regular,23207,Bueno,0
35,50171,Regular,8274,Regular,0
35,84398,Bueno,26081,Regular,0
27,77545,Bueno,11586,Bueno,1
68,94501,Regular,2180,Malo,0
27,91005,Bueno,5348,Bueno,1
24,70299,Malo,24381,Excelente,0
66,51570,Malo,26291,Bueno,0
47,70132,Bueno,7147,Excelente,1
41,45530,Regular,18461,Regular,0
56,47847,Bueno,17656,Excelente,0
39,68699,Malo,4879,Bueno,0
26,65711,Malo,14107,Bueno,0
56,66479,Malo,21121,Excelente,0
28,50774,Bueno,29046,Excelente,0
47,52731,Bueno,25582,Bueno,0
67,20815,Bueno,3837,Excelente,0
66,68141,Bueno,7888,Bueno,1
38,66062,Bueno,13664,Bueno,1
59,94830,Bueno,5367,Excelente,1
50,60342,Malo,17549,Excelente,0
43,57411,Bueno,1249,Regular,0
26,25414,Bueno,4292,Malo,0
38,35739,Malo,2370,Excelente,0
52,47043,Regular,9569,Malo,0
69,50176,Regular,23105,Bueno,0
20,49014,Regular,6140,Bueno,0
55,51528,Malo,29628,Regular,0
62,81513,Regular,8816,Regular,0
67,30488,Regular,2301,Regular,0
41,46580,Regular,10729,Bueno,0
25,33029,Bueno,22694,Bueno,0
33,44623,Bueno,4092,Bueno,1
62,74764,Bueno,3084,Excelente,1
63,23741,Bueno,25630,Bueno,0
51,47158,Regular,18171,Excelente,0
26,21894,Bueno,10954,Excelente,0
26,96391,Bueno,22926,Excelente,0
43,78180,Bueno,25485,Excelente,0
49,39487,Malo,11416,Bueno,0
21,35855,Bueno,17274,Bueno,0
54,27913,Regular,1317,Bueno,0
47,57830,Malo,9877,Excelente,0
20,80280,Bueno,18260,Bueno,0
24,66736,Regular,6715,Bueno,0
42,90482,Bueno,29746,Regular,0
56,47505,Bueno,29163,Bueno,0
61,42249,Regular,8470,Bueno,0
41,58244,Malo,12494,Bueno,0
34,36167,Bueno,6495,Malo,0
68,98051,Regular,15614,Regular,0
42,34861,Bueno,4593,Bueno,0
35,58309,Regular,12337,Bueno,0
42,61760,Regular,17102,Excelente,0
20,24563,Regular,18743,Malo,0
35,57473,Regular,18296,Bueno,0
45,56376,Bueno,7421,Excelente,1
65,40755,Regular,23975,Malo,0
56,30237,Regular,21060,Regular,0
59,23613,Regular,22839,Excelente,0
47,20686,Bueno,14567,Excelente,0
25,58519,Bueno,26883,Excelente,0
39,27187,Bueno,12305,Bueno,0
69,96746,Bueno,24367,Excelente,0
22,39579,Bueno,6902,Malo,0
63,72201,Bueno,8170,Malo,0
54,73879,Regular,16275,Bueno,0
34,59640,Bueno,17120,Bueno,0
58,90689,Malo,22640,Excelente,0
61,28855,Regular,9624,Excelente,0
22,38722,Regular,26306,Regular,0
25,40194,Bueno,10563,Excelente,1
53,30833,Bueno,16491,Excelente,0
69,43581,Regular,28026,Bueno,0
21,45014,Malo,16642,Excelente,0
53,81184,Bueno,20774,Bueno,0
26,44130,Regular,27350,Regular,0
52,90136,Regular,29263,Regular,0
51,81813,Regular,15482,Bueno,0
24,92131,Bueno,13090,Regular,0
54,28417,Regular,6710,Bueno,0
64,98765,Bueno,16585,Regular,0
63,69117,Malo,27631,Bueno,0
21,98589,Bueno,15126,Excelente,0
32,48387,Bueno,11105,Malo,0
32,96239,Malo,4111,Excelente,0
42,67088,Bueno,12302,Excelente,1
27,25745,Bueno,7864,Excelente,0
62,52809,Bueno,29324,Bueno,0
58,31023,Bueno,16301,Bueno,0
60,95302,Bueno,4972,Bueno,1
29,44357,Bueno,2953,Regular,0
20,37788,Regular,25671,Excelente,0
65,64231,Regular,28012,Bueno,0
34,54012,Bueno,23127,Bueno,0
52,27758,Regular,4591,Regular,0
65,85319,Bueno,3850,Excelente,1
21,87663,Malo,6741,Excelente,0
20,79436,Bueno,22782,Bueno,0
20,69340,Regular,23194,Bueno,0
27,52204,Bueno,25297,Regular,0
22,63389,Regular,3811,Bueno,0
60,61679,Bueno,5443,Regular,0
50,33224,Regular,27108,Bueno,0
69,26545,Bueno,27933,Excelente,0
60,40260,Malo,22045,Excelente,0
68,56346,Regular,4075,Excelente,0
31,32824,Regular,2990,Bueno,0
34,28533,Malo,2612,Bueno,0
62,88154,Malo,21063,Bueno,0
32,49999,Bueno,25533,Bueno,0
22,66738,Bueno,19317,Bueno,0
53,61922,Bueno,8600,Bueno,1
60,78810,Bueno,22963,Bueno,0
68,79184,Regular,2714,Bueno,0
66,43682,Malo,25017,Bueno,0
26,87832,Malo,26864,Bueno,0
58,49700,Regular,21832,Bueno,0
62,86816,Regular,26498,Bueno,0
54,52388,Malo,17999,Bueno,0
60,28879,Malo,14582,Bueno,0
61,80801,Bueno,10351,Bueno,1
42,22412,Regular,27729,Excelente,0
22,81788,Malo,21220,Bueno,0
42,23453,Bueno,6524,Regular,0
30,36545,Bueno,28752,Excelente,0
25,68269,Malo,2716,Regular,0
26,95323,Malo,18038,Excelente,0
54,52678,Malo,6525,Bueno,0
45,29652,Regular,20266,Bueno,0
46,38632,Bueno,12966,Excelente,0
57,91689,Bueno,13676,Malo,0
47,78138,Regular,20474,Bueno,0
51,28031,Regular,22927,Malo,0
24,50791,Regular,12021,Excelente,0
62,41163,Regular,29932,Regular,0
42,34226,Bueno,15455,Malo,0
27,87718,Regular,5651,Bueno,0
60,69416,Bueno,1185,Excelente,1
56,34359,Bueno,6869,Bueno,0
22,72055,Bueno,21041,Bueno,0
29,53085,Bueno,16643,Malo,0
20,24918,Malo,10797,Bueno,0
33,55988,Bueno,14959,Excelente,1
24,34818,Bueno,25305,Excelente,0
55,39620,Regular,17575,Bueno,0
46,90319,Regular,2684,Malo,0
69,76819,Bueno,2423,Excelente,1
57,30727,Bueno,14979,Regular,0
50,88106,Bueno,12724,Malo,0
45,65944,Regular,25664,Excelente,0
22,89966,Bueno,17906,Excelente,0
23,79766,Bueno,22948,Bueno,0
50,47145,Bueno,17970,Bueno,0
20,62789,Regular,11013,Excelente,0
22,62468,Bueno,20062,Regular,0
30,77595,Malo,19021,Bueno,0
64,39872,Bueno,21886,Malo,0
42,46647,Regular,6487,Regular,0
55,39583,Bueno,19604,Regular,0
40,43691,Bueno,9278,Bueno,1
28,32900,Bueno,23917,Excelente,0
38,22923,Malo,24157,Bueno,0
24,95201,Malo,19118,Excelente,0
58,25945,Bueno,28454,Bueno,0
29,91039,Bueno,16587,Excelente,0
38,20246,Malo,1728,Bueno,0
69,82188,Regular,18579,Excelente,0
49,46272,Bueno,23553,Excelente,0
42,61412,Bueno,3934,Excelente,1
47,42577,Regular,4033,Bueno,0
59,59248,Regular,8921,Regular,0
32,56124,Regular,25483,Excelente,0
51,62379,Malo,16294,Regular,0
63,51462,Bueno,29316,Regular,0
48,62925,Bueno,26316,Bueno,0
42,86036,Bueno,17090,Bueno,0
27,54765,Bueno,20692,Bueno,0
32,48910,Bueno,10599,Excelente,1
67,30540,Bueno,3621,Bueno,0
47,48777,Bueno,12563,Excelente,1
35,30053,Regular,18175,Regular,0
40,34600,Bueno,6283,Malo,0
48,96179,Bueno,7430,Regular,0
46,27153,Regular,1434,Bueno,0
54,58562,Regular,22286,Bueno,0
32,86744,Regular,27083,Malo,0
52,96256,Malo,24995,Excelente,0
42,31737,Regular,12019,Excelente,0
67,33086,Bueno,18210,Bueno,0
27,49807,Bueno,28863,Bueno,0
27,64353,Regular,18149,Bueno,0
43,96784,Bueno,9580,Excelente,1
45,36617,Bueno,10819,Bueno,0
54,33151,Bueno,22086,Excelente,0
40,40254,Bueno,13941,Excelente,1
65,89945,Bueno,25281,Excelente,0
43,22404,Bueno,26059,Bueno,0
26,50410,Malo,2039,Regular,0
25,29516,Malo,21976,Bueno,0
68,32565,Bueno,11728,Bueno,0
26,93347,Malo,16072,Regular,0
67,20132,Bueno,8679,Bueno,0
33,45722,Malo,11678,Regular,0
24,93233,Malo,10581,Bueno,0
35,68650,Bueno,2461,Bueno,1
50,25740,Regular,23700,Excelente,0
41,57201,Malo,5147,Excelente,0
59,97675,Malo,11898,Malo,0
50,52036,Malo,6597,Regular,0
40,62290,Regular,5657,Malo,0
51,62550,Bueno,11828,Malo,0
68,72835,Malo,27644,Excelente,0
40,34979,Regular,28380,Regular,0
27,87174,Regular,12069,Bueno,0
40,99088,Bueno,15649,Regular,0
62,31404,Regular,29585,Excelente,0
30,85464,Bueno,7810,Excelente,1
67,85352,Regular,28396,Regular,0
49,79329,Bueno,4066,Regular,0
50,49670,Regular,7549,Bueno,0
35,57500,Malo,10810,Bueno,0
66,87136,Bueno,2075,Bueno,1
21,32230,Regular,24656,Malo,0
34,86299,Bueno,25807,Bueno,0
40,93653,Malo,12116,Bueno,0
43,74549,Regular,25255,Bueno,0
43,47310,Bueno,23402,Bueno,0
27,64732,Bueno,24240,Bueno,0
31,24008,Bueno,24278,Bueno,0
24,94544,Bueno,17630,Regular,0
48,47392,Malo,4213,Malo,0
37,24567,Regular,27781,Malo,0
48,83556,Bueno,18651,Bueno,0
49,72604,Malo,27136,Bueno,0
55,69816,Bueno,28813,Regular,0
47,24327,Malo,6427,Regular,0
52,80067,Bueno,12662,Bueno,1
49,70985,Regular,6582,Bueno,0
52,83490,Malo,2477,Regular,0
50,86186,Bueno,29025,Bueno,0
35,36956,Regular,27775,Regular,0
32,36851,Malo,28020,Excelente,0
59,93902,Bueno,26626,Bueno,0
37,62482,Bueno,19814,Bueno,0
47,55039,Regular,16142,Excelente,0
29,42976,Bueno,29752,Regular,0
41,71121,Bueno,17015,Bueno,0
46,80316,Bueno,19630,Excelente,0
51,20184,Regular,7140,Regular,0
46,64211,Bueno,22654,Regular,0
38,99469,Bueno,24764,Regular,0
68,42451,Malo,20677,Bueno,0
45,42471,Regular,15459,Regular,0
